{ 
  "id": 6,
  "title": "Chemistry Quiz",
  "description": "Test your chemistry knowledge!",
  "meta_tags": [
  "science","physics", "fun"
  ],
  "difficulty": "1-20",
  "questions": [
  {
    "text": "What is the specific heat of water?",
    "answers": ["4.18 J/g&deg;C", "5.18 J/g&deg;C", "40.56 J/g&deg;C", "20.56 J/g&deg;C", "-2.56 J/g&deg;C"],
    "correct_answer": 0,
    "global_correct": 0,
    "global_total": 0,
    "meta_tags": ["specific heat", "water", "heat capacity"]
  },
  {
    "text": "What is the molar mass of iron?",
    "answers": ["0.56 grams", "5.6 grams", " 56 grams", "560 grams"],
    "correct_answer": 2,
    "global_correct": 0,
    "global_total": 0,
    "meta_tags": ["iron", "protons"]
  },
  {
    "text": "What does the symbol Au stand for?",
    "answers": ["aluminum", "silver", "gold", "arsenic", "actinium"],
    "correct_answer": 2,
    "global_correct": 0,
    "global_total": 0,
    "meta_tags": ["gold", "chemistry"]
  },
  {
    "text": "How can we solve for change in internal energy?",
    "answers": ["mC&#916;T", "P&#916;V", "q/T", "q + w"],
    "correct_answer": 3,
    "global_correct": 0,
    "global_total": 0,
    "meta_tags": ["internal energy", "energy"]
  },
  {
    "text": "What is one type of calorimetry?",
    "answers": ["clock calorimetry", "coffee cup calorimetry", "styrofoam calorimetry"],
    "correct_answer": 1,
    "global_correct": 0,
    "global_total": 0,
    "meta_tags": ["calorimetry"]
  },
  {
    "text": "What is the ideal gas law?",
    "answers": ["Pn=VRT", "PV=nRT", "RT=nPV", "PTV=nR", "V=nRPT", "n=PVRT"],
    "correct_answer": 1,
    "global_correct": 0,
    "global_total": 0,
    "meta_tags": ["ideal gas law", "gas"]
  },
  {
    "text": "Is enthalpy a state function?",
    "answers": ["Yes", "No"],
    "correct_answer": 0,
    "global_correct": 0,
    "global_total": 0,
    "meta_tags": ["enthalpy", "H", "state function"]
  },
  {
    "text": "What is one type of calorimetry?",
    "answers": ["bomb calorimetry", "plastic calorimetry", "wood calorimetry", "air calorimetry"],
    "correct_answer": 0,
    "global_correct": 0,
    "global_total": 0,
    "meta_tags": ["calorimetry"]
  },
  {
    "text": "What is the molar mass of hydrogen?",
    "answers": ["0.01 grams", "0.1 grams", "1 gram", "10 grams", "100 grams", "1000 grams"],
    "correct_answer": 2,
    "global_correct": 0,
    "global_total": 0,
    "meta_tags": ["hydrogen"]
  },
  {
    "text": "What is the first law of thermodynamics?",
    "answers": ["Conservation of mass", "Conservation of volume", "Conservation of energy"],
    "correct_answer": 2,
    "global_correct": 0,
    "global_total": 0,
    "meta_tags": ["thermodynamics", "first law of thermodynamics"]
  },
  {
    "text": "Is work a state function?",
    "answers": ["Yes", "No"],
    "correct_answer": 1,
    "global_correct": 0,
    "global_total": 0,
    "meta_tags": ["work", "w", "state function"]
  },
  {
    "text": "What is the volume of a rectangular prism?",
    "answers": ["length x width x height", "length x width", "length x height", "length x width x height x circumference"],
    "correct_answer": 0,
    "global_correct": 0,
    "global_total": 0,
    "meta_tags": ["rectangular prism", "volume"]
  },
  {
    "text": "What is the molar mass of tin?",
    "answers": ["0.119 grams", "1.19 grams", "11.9 grams", "119 grams", "1190 grams"],
    "correct_answer": 3,
    "global_correct": 0,
    "global_total": 0,
    "meta_tags": ["tin", "Sn"]
  },
  {
    "text": "How do we solve for Gibbs' free energy?",
    "answers": ["H - PV", "PV + TS", "q + PV", "TP + q", "q + TS", "H - TS"],
    "correct_answer": 5,
    "global_correct": 0,
    "global_total": 0,
    "meta_tags": ["free energy", "Gibbs"]
  },
  {
    "text": "Is free energy a state function?",
    "answers": ["yes", "no"],
    "correct_answer": 0,
    "global_correct": 0,
    "global_total": 0,
    "meta_tags": ["free energy", "Gibbs", "state function"]
  },
  {
    "text": "What is the molar mass of one gram of titanium?",
    "answers": ["4.8 grams", "48 grams", "480 grams", "4800 grams"],
    "correct_answer": 1,
    "global_correct": 0,
    "global_total": 0,
    "meta_tags": ["titanium", "chemistry"]
  },
  {
    "text": "What does the symbol Sb stand for?",
    "answers": ["Antimony", "Selenium", "Sabenium", "Beryllium", "Tantaium"],
    "correct_answer": 0,
    "global_correct": 0,
    "global_total": 0,
    "meta_tags": ["antimony"]
  },
  {
    "text": "How do we solve for entropy?",
    "answers": ["n/q", "V/P", "P/T", "q/T"],
    "correct_answer": 3,
    "global_correct": 0,
    "global_total": 0,
    "meta_tags": ["entropy", "probability"]
  },
  {
    "text": "Is entropy a state function?",
    "answers": ["Yes", "No"],
    "correct_answer": 0,
    "global_correct": 0,
    "global_total": 0,
    "meta_tags": ["entropy", "state function"]
  },
  {
    "text": "How many protons does argon have?",
    "answers": ["9", "18", "27", "36", "45", "54", "63"],
    "correct_answer": 1,
    "global_correct": 0,
    "global_total": 0,
    "meta_tags": ["argon", "protons"]
  }
  ]
}