{
	"id": 1,
    "title": "The Inside Story",
    "description": "Matt Armstrong Quiz",
    "meta_tags": [
        "Matt",
        "Armstrong"
    ],
    "difficulty": "17",
    "questions": [
        {
            "text": "What town is Matt Armstrong from?",
            "answers": [
                "Amherst",
                "Boston",
                "New Bedford",
                "Wayland",
                "Salem"
            ],
            "correct_answer": "3",
            "global_correct": 1,
            "global_total": 15,
            "meta_tags": [
                "Massachusetts Town"
            ]
        },
        {
            "text": "What sport does Matt Armstrong play?",
            "answers": [
                "Basketball",
                "Soccer",
                "Baseball",
                "Swimming"
            ],
            "correct_answer": "3",
            "global_correct": 1,
            "global_total": 15,
            "meta_tags": [
                "Sports"
            ]
        },
        {
            "text": "What is Matt Armstrong's address?",
            "answers": [
                "101 West 87th Street, Apt. 1007, New York, NY 10024",
                "345 East 68th Street, Apt. 5ABC, New York, NY 10065",
                "279 Central Park West, Apt. 11C, New York, NY 10024",
                "65 Central Park West, Apt. 12A, New York, NY 10023"
            ],
            "correct_answer": "1",
            "global_correct": 4,
            "global_total": 15,
            "meta_tags": [
                "Street Address"
            ]
        },
        {
            "text": "What summer camp did Matt Armstrong go to?",
            "answers": [
                "Penn State Penitentiary",
                "Camp Wapanacki",
                "Camp Wanapatei",
                "Camp Winnebago",
                "Camp Kingsley Pines"
            ],
            "correct_answer": "4",
            "global_correct": 1,
            "global_total": 15,
            "meta_tags": [
                "Camp"
            ]
        },
        {
            "text": "What is on the second shelf of Matt Armstrong's room?",
            "answers": [
                "Monopoly",
                "A Red Sox Jersey",
                "An Xbox 360",
                "Statues",
                "Books"
            ],
            "correct_answer": "4",
            "global_correct": 1,
            "global_total": 15,
            "meta_tags": [
                "Shelf"
            ]
        },
        {
            "text": "What is the name of Matt Armstrong's sister?",
            "answers": [
                "Grace",
                "Kate",
                "Amanda",
                "Chloe",
                "Alexis"
            ],
            "correct_answer": "2",
            "global_correct": 5,
            "global_total": 15,
            "meta_tags": [
                "Name Tag"
            ]
        },
        {
            "text": "What is Matt Armstrong's tennis ranking?",
            "answers": [
                "0",
                "21",
                "1564",
                "67",
                "405",
                "Unranked"
            ],
            "correct_answer": "2",
            "global_correct": 9,
            "global_total": 15,
            "meta_tags": [
                "Tennis Ball"
            ]
        },
        {
            "text": "Where does Matt Armstrong's dad work?",
            "answers": [
                "Memorial Sloan Kettering",
                "Citi Bank",
                "Mumford and Sons",
                "Aetna Insurance",
                "Mcdonalds",
                "Best Buy"
            ],
            "correct_answer": "0",
            "global_correct": 1,
            "global_total": 15,
            "meta_tags": [
                "Science Research"
            ]
        },
        {
            "text": "What is Matt Armstrong's favourite League of Legends Champion?",
            "answers": [
                "Alistar",
                "Brand",
                "Xerath",
                "Malphite",
                "Leblanc"
            ],
            "correct_answer": "3",
            "global_correct": 2,
            "global_total": 15,
            "meta_tags": [
                "League of Legends"
            ]
        },
        {
            "text": "What is hanging on the wall in Matt's room?",
            "answers": [
                "A Nickleback Poster",
                "A Tapestry",
                "A Samurai Sword",
                "A Cookie",
                "A Stuffed Sheep"
            ],
            "correct_answer": "3",
            "global_correct": 3,
            "global_total": 15,
            "meta_tags": [
                "Samurai Sword"
            ]
        }
    ]
}