{
    "id": 3,
    "title": "My Quiz",
    "description": "........",
    "difficulty": "-19",
    "meta_tags": [
        "literature",
        "fun"
    ],
    "questions": [
        {
            "texts": "What was the original title of Farenheight 451?",
            "answers": [
                "Farenheight 452",
                "The Fireman",
                "Burnin' Up",
                "Paper Houses",
                "Celsius 233"
            ],
            "correct_answer": "1",
            "global_correct": "8",
            "global_total": "37",
            "meta_tags": [
                "fire"
            ]
        },
        {
            "texts": "What is the best-selling novel of all time?",
            "answers": [
                "Jane Eyre",
                "Don Quixote",
                "The Bible",
                "The Adventures of Huckleberry Finn",
                "War and Peace",
                "Freakonomics"
            ],
            "correct_answer": "1",
            "global_correct": "5",
            "global_total": "33",
            "meta_tags": [
                "book"
            ]
        },
        {
            "texts": "What type of bird did Edgar Allen Poe originally want to write about?",
            "answers": [
                "Parrot",
                "Raven",
                "Cockatoo",
                "Mockingjay",
                "Sparrow",
                "Finch"
            ],
            "correct_answer": "0",
            "global_correct": "8",
            "global_total": "33",
            "meta_tags": [
                "bird",
                "raven",
                "Edgar Allen Poe",
                "Mockingjay"
            ]
        },
        {
            "texts": "Which Shakespeare play does not feature a ghost?",
            "answers": [
                "Julius Caesar",
                "Richard III",
                "Hamlet",
                "King Lear",
                "Macbeth"
            ],
            "correct_answer": "3",
            "global_correct": "13",
            "global_total": "33",
            "meta_tags": [
                "Shakespeare",
                "ghost"
            ]
        },
        {
            "texts": "What was the original title of Pride and Prejudice?",
            "answers": [
                "Class and Heartlessness",
                "Elizabeth + Darcy 5Ever",
                "First Impressions"
            ],
            "correct_answer": "2",
            "global_correct": "18",
            "global_total": "33",
            "meta_tags": [
                "impressionism"
            ]
        },
        {
            "texts": "How many different words are in John Milton's paradise lost?",
            "answers": [
                "1,789",
                "2,000",
                "6,666",
                "8,000",
                "250"
            ],
            "correct_answer": "3",
            "global_correct": "10",
            "global_total": "33",
            "meta_tags": [
                "Paradise Lost"
            ]
        },
        {
            "texts": "Who is Shelock Holmes's archrival?",
            "answers": [
                "Morgart",
                "Voledmort",
                "Rorschach",
                "Loki",
                "Moriarity"
            ],
            "correct_answer": "4",
            "global_correct": "16",
            "global_total": "33",
            "meta_tags": [
                "Sherlock Holmes",
                "Moriarty"
            ]
        },
        {
            "texts": "Which poem did Robert Frost not write?",
            "answers": [
                "The Witch of Coos",
                "Fire and Ice",
                "The Doormouse"
            ],
            "correct_answer": "2",
            "global_correct": "24",
            "global_total": "33",
            "meta_tags": [
                "Robert Frost",
                "Snowy"
            ]
        },
        {
            "texts": "\"I am an invisible man.\" This is the first line of which book?",
            "answers": [
                "The Invisible Man",
                "The Catcher in the Rye",
                "1984",
                "Notes From Underground"
            ],
            "correct_answer": "0",
            "global_correct": "13",
            "global_total": "33",
            "meta_tags": [
                "invisible man",
                "literature"
            ]
        },
        {
            "texts": "What is the name of the man being tried in To Kill a Mockingbird?",
            "answers": [
                "Sam Clemens",
                "Boo Radley",
                "Bill Johnson",
                "Tom Robinson"
            ],
            "correct_answer": "3",
            "global_correct": "16",
            "global_total": "37",
            "meta_tags": [
                "Mockingbird"
            ]
        }
    ]
}