{
    "id": 4,
    "title": "Software Engineering Class Fun Food Facts!",
    "description": "A fun quiz testing your knowledge on food facts about your classmates!",
    "meta_tags": [
        "yummy",
        "food",
        "fun",
        "classmates",
        "eat"
    ],
    "difficulty": "1-5",
    "questions": [
        {
            "text": "What is Matthew's favorite food?",
            "answers": [
                "Hamburger",
                "Pizza",
                "Sushi",
                "Salad"
            ],
            "correct_answer": 2,
            "meta_tags": [
                "Japanese food"
            ],
            "global_correct": 14,
            "global_total": 29
        },
        {
            "text": "What does Catherine refuse to eat?",
            "answers": [
                "Red Peppers",
                "Seafood",
                "Eggs",
                "Mushrooms"
            ],
            "correct_answer": 1,
            "meta_tags": [
                "seafood"
            ],
            "global_correct": 9,
            "global_total": 29
        },
        {
            "text": "What snack food does Grace like to put on her cookies?",
            "answers": [
                "Goldfish",
                "Wheat Thins",
                "Pretzels",
                "Potato Chips"
            ],
            "correct_answer": 3,
            "meta_tags": [
                "potato chips"
            ],
            "global_correct": 9,
            "global_total": 29
        },
        {
            "text": "What non-consumable item did Alastair ingest at the age of 3?",
            "answers": [
                "A penny",
                "A bolt",
                "A lego",
                "A bottle cap"
            ],
            "correct_answer": 0,
            "meta_tags": [
                "coins"
            ],
            "global_correct": 2,
            "global_total": 29
        },
        {
            "text": "What food did Sam stuff in his nose at the age of 1?",
            "answers": [
                "M&Ms",
                "Raisins",
                "Skittles",
                "Mini marshmallows"
            ],
            "correct_answer": 1,
            "meta_tags": [
                "raisin"
            ],
            "global_correct": 6,
            "global_total": 29
        },
        {
            "text": "What topping did Max stuff in his nose this past summer?",
            "answers": [
                "Caramel",
                "Chocolate Sauce",
                "Whipped Cream",
                "Butterscotch"
            ],
            "correct_answer": 2,
            "meta_tags": [
                "whipped cream"
            ],
            "global_correct": 13,
            "global_total": 29
        },
        {
            "text": "What is Justin's favorite holiday food?",
            "answers": [
                "Roasted Squab",
                "Peking Duck",
                "Longevity Noodles",
                "Moon Cake"
            ],
            "correct_answer": 3,
            "meta_tags": [
                "moon cake"
            ],
            "global_correct": 15,
            "global_total": 29
        },
        {
            "text": "What does Conor bring to movie theaters as a snack?",
            "answers": [
                "Croutons",
                "Pita Chips",
                "Dried Peas",
                "Fried Rice"
            ],
            "correct_answer": 0,
            "meta_tags": [
                "salad"
            ],
            "global_correct": 6,
            "global_total": 29
        },
        {
            "text": "What is David's favorite ice cream flavor?",
            "answers": [
                "Chocolate",
                "Mint Chip",
                "Vanilla",
                "Coffee"
            ],
            "correct_answer": 2,
            "meta_tags": [
                "ice cream"
            ],
            "global_correct": 17,
            "global_total": 29
        },
        {
            "text": "What does Nathalie like putting in her oatmeal?",
            "answers": [
                "Almonds",
                "Marshmallows",
                "Coffee Beans",
                "Turkey"
            ],
            "correct_answer": 3,
            "meta_tags": [
                "oatmeal"
            ],
            "global_correct": 14,
            "global_total": 29
        }
    ]
}