{
	"id": 11,
    "title": "Treasure Hunt Hard",
    "description": "Do not try this quiz if you have a fear of failing",
    "questions": [
        {
            "text": "The Recited Container Of Looks",
            "answers": [
                "The Pool",
                "The Swamp",
                "The Turf",
                "The Red Stair Case"
            ],
            "correct_answer": 3,
            "global_correct": 0,
            "global_total": 1,
            "meta_tags": [
                "red"
            ]
        },
        {
            "text": "The Fish was trying to say \"Radiator\"",
            "answers": [
                "The Basement Theater",
                "The Library",
                "The Computer Lab",
                "The 1709 Room"
            ],
            "correct_answer": 0,
            "global_correct": 0,
            "global_total": 1,
            "meta_tags": [
                "theater"
            ]
        },
        {
            "text": "escort escort escort escort escort escort escort escort escort escort",
            "answers": [
                "The Morse Theater",
                "The Weight Room",
                "The Lower Gym",
                "The Tennis Courts"
            ],
            "correct_answer": 3,
            "global_correct": 0,
            "global_total": 1,
            "meta_tags": [
                "tennis"
            ]
        },
        {
            "text": "Are you going to answer this question correctly?",
            "answers": [
                "yes",
                "no"
            ],
            "correct_answer": 0,
            "global_correct": 1,
            "global_total": 1,
            "meta_tags": [
                "logic"
            ]
        },
        {
            "text": "1500 Paper Dispenser",
            "answers": [
                "The Balcony",
                "Ms. Keigher's Office",
                "The 3D Printer",
                "The Orange Stair Case"
            ],
            "correct_answer": 2,
            "global_correct": 0,
            "global_total": 1,
            "meta_tags": [
                "rome"
            ]
        },
        {
            "text": "Where Change is Inevitable",
            "answers": [
                "The Brass",
                "The Lower School Kitchen",
                "The Tennis Courts",
                "The Locker Room"
            ],
            "correct_answer": 3,
            "global_correct": 0,
            "global_total": 1,
            "meta_tags": [
                "locker"
            ]
        },
        {
            "text": "Who's There",
            "answers": [
                "The Pool",
                "The Swamp",
                "First Base on the Turf",
                "The Red Stair Case",
                "The Blue Stair Case",
                "The Cafeteria"
            ],
            "correct_answer": 2,
            "global_correct": 1,
            "global_total": 1,
            "meta_tags": [
                "baseball"
            ]
        },
        {
            "text": "When Jesus Subs for his Mom he's...",
            "answers": [
                "The Pool",
                "The Swamp",
                "The Turf",
                "The Red Stair Case",
                "The Nurses Office"
            ],
            "correct_answer": 4,
            "global_correct": 1,
            "global_total": 1,
            "meta_tags": [
                "hospital"
            ]
        },
        {
            "text": "5:09 PM",
            "answers": [
                "The 1709 Room",
                "The Brass",
                "The Ceramics Room"
            ],
            "correct_answer": 0,
            "global_correct": 0,
            "global_total": 1,
            "meta_tags": [
                "military"
            ]
        },
        {
            "text": "What Lines of Six Dollars would Form",
            "answers": [
                "The Morse",
                "The Pool",
                "The Blue Stair Case",
                "The Computer Lab"
            ],
            "correct_answer": 1,
            "global_correct": 1,
            "global_total": 1,
            "meta_tags": [
                "pool"
            ]
        },
        {
            "text": "The Price of Cutlery after Dusk",
            "answers": [
                "Ms. Bagby's Office",
                "The 1709 Room",
                "The Brass",
                "The Photography Room",
                "The English Hallway"
            ],
            "correct_answer": 3,
            "global_correct": 1,
            "global_total": 1,
            "meta_tags": [
                "silver"
            ]
        }
    ],
    "difficulty": 19,
    "global_correct": 5,
    "global_total": 11,
    "meta_tags": [
        "extremely difficult",
        "not for the faint of heart"
    ]
}